{
  "project_info": {
    "project_number": "349700538475",
    "firebase_url": "https://pushapp-1ed02.firebaseio.com",
    "project_id": "pushapp-1ed02",
    "storage_bucket": "pushapp-1ed02.appspot.com"
  },
  "client": [
    {
      "client_info": {
        "mobilesdk_app_id": "1:349700538475:android:a97e4b8da4c93dd8",
        "android_client_info": {
          "package_name": "com.example.hansei.pushapp"
        }
      },
      "oauth_client": [
        {
          "client_id": "349700538475-73ed6g06mq5odbu4cgtv20br6tvc6u6p.apps.googleusercontent.com",
          "client_type": 3
        }
      ],
      "api_key": [
        {
          "current_key": "AIzaSyBME8onWxOP30MAldpnmL9AZNmsK5EjEBw"
        }
      ],
      "services": {
        "analytics_service": {
          "status": 1
        },
        "appinvite_service": {
          "status": 1,
          "other_platform_oauth_client": []
        },
        "ads_service": {
          "status": 2
        }
      }
    }
  ],
  "configuration_version": "1"
}